"abdulahogundare@gmail.com,"
"abdulahogundare@gmail.com,"
"abdulahogunkdare@gmail.com,"
"abdulahoggundare@gmail.com,"
"abdulahogugndare@gmail.com,"
"abdulahogugndare@gmail.com,"
"abdulahogundaree@gmail.com,"
"abdulahogundareed@gmail.com,"
"abdulahogundareed@gmail.com,"
"goodguy@gmail.com,"
"oba@gmail.com,"
"commit@gmail.com,"
"Chemistry@gmail.com,"
"newone@gmail.com,"
"newone@gmail.com,"
"xyz@mail.com,"
"xyz@mail.com,"
"newone@gmail.com,"
"ade@gmail.com,"
"babababes@gmail.com,"
"qudus@gmail.com,"
